Integrity,Achievement,Intelligence,Strength,Feelings,Spirituality,Freedom,Creativity,Courage,Order,Enjoyment,Presence,Health
Accountability,Accomplishment,Brilliance,Ambition,Acceptance,Adaptability,Independence,Creation,Bravery,Accuracy,Amusement,Alertness,Energy
Candor,Capable,Clever,Assertiveness,Comfort,Altruism,Individuality,Curiosity,Conviction,Careful,Enthusiasm,Attentive,Vitality
Commitment,Challenge,Common sense,Boldness,Compassion,Balance,Liberty,Discovery,Fearless,Certainty,Experience,Awareness,
Dependability,Challenge,Decisiveness,Confidence,Contentment,Charity,,Exploration,Valor,Cleanliness,Fun,Beauty,
Dignity,Competence,Foresight,Dedication,Empathy,Communication,,Expressive,,Consistency,Humor,Calm,
Honesty,Credibility,Genius,Discipline,Grace,Community,,Imagination,,Control,Playfulness,Clear,
Honor,Determination,Insightful,Ferocious,Gratitude,Connection,,Innovation,,Decisive,Recreation,Concentration,
Responsibility,Development,Knowledge,Fortitude,Happiness,Consciousness,,Inquisitive,,Economy,Spontaneous,Focus,
Sincerity,Drive,Learning,Persistence,Hope,Contribution,,Intuitive,,Justice,Surprise,Silence,
Transparency,Effectiveness,Logic,Power,Inspiring,Cooperation,,Openness,,Lawful,,Simplicity,
Trust,Empower,Openness,Restraint,Irreverent,Courtesy,,Originality,,Moderation,,Solitude,
Trustworthy,Endurance,Realistic,Rigor,Joy,Devotion,,Uniqueness,,Organization,,,
Truth,Excellence,Reason,Self-reliance,Kindness,Equality,,Wonder,,Security,,,
,Famous,Reflective,Temperance,Love,Ethical,,,,Stability,,,
,Greatness,Smart,Toughness,Optimism,Fairness,,,,Structure,,,
,Growth,Thoughtful,Vigor,Passion,Family,,,,Thorough,,,
,Hard work,Understanding,Will,Peace,Fidelity,,,,Timeliness,,,
,Improvement,Vision,,Poise,Friendship,,,,,,,
,Influence,Wisdom,,Respect,Generosity,,,,,,,
,Intensity,,,Reverence,Giving,,,,,,,
,Leadership,,,Satisfaction,Goodness,,,,,,,
,Mastery,,,Serenity,Harmony,,,,,,,
,Motivation,,,Thankful,Humility,,,,,,,
,Performance,,,Tranquility,Loyalty,,,,,,,
,Persistence,,,Welcoming,Maturity,,,,,,,
,Potential,,,,Meaning,,,,,,,
,Power,,,,Selfless,,,,,,,
,Productivity,,,,Sensitivity,,,,,,,
,Professionalism,,,,Service,,,,,,,
,Prosperity,,,,Sharing,,,,,,,
,Recognition,,,,Spirit,,,,,,,
,Results-oriented,,,,Stewardship,,,,,,,
,Risk,,,,Support,,,,,,,
,Significance,,,,Sustainability,,,,,,,
,Skill,,,,Teamwork,,,,,,,
,Skillfulness,,,,Tolerance,,,,,,,
,Status,,,,Unity,,,,,,,
,Success,,,,,,,,,,,
,Talent,,,,,,,,,,,
,Victory,,,,,,,,,,,
,Wealth,,,,,,,,,,,
,Winning,,,,,,,,,,,